Model,Profit,Threshold,Accuracy,Precision,Recall,F1,AUC
Simple Meta NN,158892110.0,0.725,0.9908,0.5,0.010869565217391304,0.02127659574468085,0.8028909445156306
Enhanced Meta NN,158885320.0,0.05,0.9908,0.0,0.0,0.0,0.7200823664671498
Logistic Regression,158211290.0,0.95,0.9859,0.21176470588235294,0.1956521739130435,0.2033898305084746,0.7958237524354497
